"district","candidate_placement","candidate_name","candidate_answer_status","candidate_photo_url","candidate_url","done","party"
"Suðvestur",1,"Pétur Gunnlaugsson","cand not","","/kosningar2013/frambod/fulltrui/petur-gunnlaugsson/",0,"Flokkur heimilanna"
"Suðvestur",2,"Kristján S. Ingólfsson","cand ok","","/kosningar2013/frambod/fulltrui/kristjan-s-ingolfsson/",1,"Flokkur heimilanna"
"Suðvestur",3,"Birgir Ö. Guðjónsson","cand ok","","/kosningar2013/frambod/fulltrui/birgir-o-gudjonsson/",1,"Flokkur heimilanna"
"Suðvestur",4,"Örn Björnsson","cand not","","/kosningar2013/frambod/fulltrui/orn-bjornsson/",0,"Flokkur heimilanna"
"Suðvestur",5,"Ingibjörgu Helga Baldursdóttur","cand not","","/kosningar2013/frambod/fulltrui/ingibjorgu-helga-baldursdottur/",0,"Flokkur heimilanna"
"Suðvestur",1,"Valdís Steinarsdóttir","cand not","","/kosningar2013/frambod/fulltrui/valdis-steinarsdottir/",0,"Regnboginn"
"Suðvestur",2,"Karólína Einarsdóttir","cand ok","","/kosningar2013/frambod/fulltrui/karolina-einarsdottir/",1,"Regnboginn"
"Suðvestur",3,"Anna Ólafsdóttir Björnsson","cand ok","","/kosningar2013/frambod/fulltrui/anna-olafsdottir-bjornsson/",1,"Regnboginn"
"Suðvestur",4,"Ingimundur Þór Þorsteinsson","cand ok","","/kosningar2013/frambod/fulltrui/ingimundur-thor-thorsteinsson/",1,"Regnboginn"
"Suðvestur",5,"Pétur Jökull Hákonarson","cand not","","/kosningar2013/frambod/fulltrui/petur-jokull-hakonarson/",0,"Regnboginn"
"Suðvestur",1,"Margrét Tryggvadóttir","cand ok","","/kosningar2013/frambod/fulltrui/Margret-Tryggvadottir/",1,"Dögun"
"Suðvestur",2,"Álfheiður Eymarsdóttir","cand ok","","/kosningar2013/frambod/fulltrui/Alfheidur-Eymarsdottir/",1,"Dögun"
"Suðvestur",3,"Jón Jósef Bjarnason","cand ok","","/kosningar2013/frambod/fulltrui/Jon-Josef-Bjarnason/",1,"Dögun"
"Suðvestur",4,"Baldvin Björgvinsson","cand ok","","/kosningar2013/frambod/fulltrui/Baldvin-Bjorgvinsson/",1,"Dögun"
"Suðvestur",5,"Guðrún Lilja Guðmundsdóttir","cand ok","","/kosningar2013/frambod/fulltrui/Gudrun-Lilja-Gudmundsdottir/",1,"Dögun"
"Suðvestur",1,"Guðmundur Steingrímsson","cand ok","","/kosningar2013/frambod/fulltrui/Gudmundur-Steingrimsson/",1,"Björt framtíð"
"Suðvestur",2,"Freyja Haraldsdóttir","cand ok","","/kosningar2013/frambod/fulltrui/Freyja-Haraldsdottir/",1,"Björt framtíð"
"Suðvestur",3,"Guðlaug Kristjánsdóttir","cand ok","","/kosningar2013/frambod/fulltrui/Gudlaug-Kristjansdottir/",1,"Björt framtíð"
"Suðvestur",4,"Erla Karlsdóttir","cand ok","","/kosningar2013/frambod/fulltrui/Erla-Karlsdottir/",1,"Björt framtíð"
"Suðvestur",5,"Pétur Óskarsson","cand ok","","/kosningar2013/frambod/fulltrui/Petur-Oskarsson/",1,"Björt framtíð"
"Suðvestur",1,"Bjarni Benediktsson","cand not","","/kosningar2013/frambod/fulltrui/Bjarni-Benediktsson/",0,"Sjálfstæðisflokkurinn"
"Suðvestur",2,"Ragnheiður Ríkharðsdóttir","cand not","","/kosningar2013/frambod/fulltrui/Ragnheidur-Rikhardsdottir/",0,"Sjálfstæðisflokkurinn"
"Suðvestur",3,"Jón Gunnarsson","cand not","","/kosningar2013/frambod/fulltrui/Jon-Gunnarsson/",0,"Sjálfstæðisflokkurinn"
"Suðvestur",5,"Elín Hirst","cand ok","","/kosningar2013/frambod/fulltrui/Elin-Hirst/",1,"Sjálfstæðisflokkurinn"
"Suðvestur",1,"Árni Páll Árnason","cand ok","","/kosningar2013/frambod/fulltrui/Arni-Pall-Arnason/",1,"Samfylkingin"
"Suðvestur",2,"Katrín Júlíusdóttir","cand not","","/kosningar2013/frambod/fulltrui/Katrin-Juliusdottir/",0,"Samfylkingin"
"Suðvestur",3,"Magnús Orri Schram","cand ok","","/kosningar2013/frambod/fulltrui/Magnus-Orri-Schram/",1,"Samfylkingin"
"Suðvestur",4,"Margrét Gauja Magnúsdóttir","cand ok","","/kosningar2013/frambod/fulltrui/Margret-Gauja-Magnusdottir/",1,"Samfylkingin"
"Suðvestur",5,"Lúðvík Geirsson","cand ok","","/kosningar2013/frambod/fulltrui/Ludvik-Geirsson/",1,"Samfylkingin"
"Suðvestur",1,"Eygló Harðardóttir","cand ok","","/kosningar2013/frambod/fulltrui/Eyglo-Hardardottir/",1,"Framsóknarflokkurinn"
"Suðvestur",2,"Willum Þór Þórsson","cand ok","","/kosningar2013/frambod/fulltrui/Willum-THor-THorsson/",1,"Framsóknarflokkurinn"
"Suðvestur",3,"Þorsteinn Sæmundsson","cand ok","","/kosningar2013/frambod/fulltrui/THorsteinn-Saemundsson/",1,"Framsóknarflokkurinn"
"Suðvestur",4,"Sigurjón Norberg Kjærnested","cand ok","","/kosningar2013/frambod/fulltrui/Sigurjon-Norberg-Kjaernested/",1,"Framsóknarflokkurinn"
"Suðvestur",5,"Ólöf Pálína Úlfarsdóttir","cand not","","/kosningar2013/frambod/fulltrui/Olof-Palina-Ulfarsdottir/",0,"Framsóknarflokkurinn"
"Suðvestur",1,"Ögmundur Jónasson","cand ok","","/kosningar2013/frambod/fulltrui/Ogmundur-Jonasson/",1,"Vinstri græn"
"Suðvestur",2,"Rósa Björk Brynjólfsdóttir","cand ok","","/kosningar2013/frambod/fulltrui/Rosa-Bjork-Brynjolfsdottir/",1,"Vinstri græn"
"Suðvestur",3,"Ólafur Þór Gunnarsson","cand ok","","/kosningar2013/frambod/fulltrui/Olafur-THor-Gunnarsson/",1,"Vinstri græn"
"Suðvestur",4,"Guðbjörg Sveinsdóttir","cand ok","","/kosningar2013/frambod/fulltrui/Gudbjorg-Sveinsdottir/",1,"Vinstri græn"
"Suðvestur",5,"Garðar H. Guðjónsson","cand ok","","/kosningar2013/frambod/fulltrui/Gardar-H-Gudjonsson/",1,"Vinstri græn"
"Suðvestur",1,"Lýður Árnason","cand ok","","/kosningar2013/frambod/fulltrui/Lydur-Arnason/",1,"Lýðræðisvaktin"
"Suðvestur",2,"Ástrós Signýjardóttir","cand ok","","/kosningar2013/frambod/fulltrui/Astros-Signyjardottir/",1,"Lýðræðisvaktin"
"Suðvestur",3,"Friðrik Hansen Guðmundsson","cand ok","","/kosningar2013/frambod/fulltrui/Fridrik-Hansen-Gudmundsson/",1,"Lýðræðisvaktin"
"Suðvestur",4,"Guðrún Guðlaugsdóttir","cand ok","","/kosningar2013/frambod/fulltrui/Gudrun-Gudlaugsdottir/",1,"Lýðræðisvaktin"
"Suðvestur",5,"Árni Stefán Árnason","cand not","","/kosningar2013/frambod/fulltrui/Arni-Stefan-Arnason/",0,"Lýðræðisvaktin"
"Suðvestur",1,"Birgitta Jónsdóttir","cand ok","","/kosningar2013/frambod/fulltrui/Birgitta-Jonsdottir/",1,"Píratar"
"Suðvestur",2,"Björn Leví Gunnarsson","cand ok","","/kosningar2013/frambod/fulltrui/Bjorn-Levi-Gunnarsson/",1,"Píratar"
"Suðvestur",3,"Hákon Einar Júlíusson","cand ok","","/kosningar2013/frambod/fulltrui/Hakon-Einar-Juliusson/",1,"Píratar"
"Suðvestur",4,"Árni Þór Þorgeirsson","cand ok","","/kosningar2013/frambod/fulltrui/Arni-THor-THorgeirsson/",1,"Píratar"
"Suðvestur",5,"Berglind Ósk Bergsdóttir","cand ok","","/kosningar2013/frambod/fulltrui/Berglind-Osk-Bergsdottir/",1,"Píratar"
"Suðvestur",1,"Sigurjón Haraldsson","cand ok","","/kosningar2013/frambod/fulltrui/sigurjon-haraldsson/",1,"Hægri Grænir"
"Suðvestur",2,"Týr Þórarinsson","cand ok","","/kosningar2013/frambod/fulltrui/tyr-thorarinsson/",1,"Hægri Grænir"
"Suðvestur",3,"Ástþór Óli Halldórsson","cand ok","","/kosningar2013/frambod/fulltrui/astthor-oli-halldorsson/",1,"Hægri Grænir"
"Suðvestur",4,"Helgi Helgason","cand not","","/kosningar2013/frambod/fulltrui/helgi-helgason/",0,"Hægri Grænir"
"Suðvestur",5,"Böðvar Guðmundsson","cand ok","","/kosningar2013/frambod/fulltrui/bodvar-gudmundsson/",1,"Hægri Grænir"
"Norðaustur",1,"Brynjólfur Ingvarsson","cand not","","/kosningar2013/frambod/fulltrui/brynjolfur-ingvarsson/",0,"Flokkur heimilanna"
"Norðaustur",2,"Emil K. Thorarensen","cand not","","/kosningar2013/frambod/fulltrui/emil-k-thorarensen/",0,"Flokkur heimilanna"
"Norðaustur",3,"Árni Þorsteinsson","cand not","","/kosningar2013/frambod/fulltrui/arni-thorsteinsson/",0,"Flokkur heimilanna"
"Norðaustur",4,"Kristín Þórarinsdóttir ","cand not","","/kosningar2013/frambod/fulltrui/kristin-thorarinsdottir/",0,"Flokkur heimilanna"
"Norðaustur",5,"Jóhann Kristjánsson","cand ok","","/kosningar2013/frambod/fulltrui/johann-kristjansson/",1,"Flokkur heimilanna"
"Norðaustur",1,"Baldvin H Sigurðsson","cand not","","/kosningar2013/frambod/fulltrui/baldvin-h-sigurdsson/",0,"Regnboginn"
"Norðaustur",2,"Þorsteinn Bergsson","cand not","","/kosningar2013/frambod/fulltrui/thorsteinn-bergsson/",0,"Regnboginn"
"Norðaustur",3,"Guðný Aðalsteinsdóttir","cand not","","/kosningar2013/frambod/fulltrui/gudny-adalsteinsdottir/",0,"Regnboginn"
"Norðaustur",4,"Þorkell Jóhannesson","cand not","","/kosningar2013/frambod/fulltrui/thorkell-johannesson/",0,"Regnboginn"
"Norðaustur",5,"Sif Sigurðardóttir","cand not","","/kosningar2013/frambod/fulltrui/sif-sigurdardottir/",0,"Regnboginn"
"Norðaustur",1,"Gísli Tryggvason","cand ok","","/kosningar2013/frambod/fulltrui/Gisli-Tryggvason/",1,"Dögun"
"Norðaustur",2,"Kolbrún Eva Ríkharðsdóttir","cand ok","","/kosningar2013/frambod/fulltrui/Kolbrun-Eva-Rikhardsdottir/",1,"Dögun"
"Norðaustur",3,"Erling Ingvason","cand ok","","/kosningar2013/frambod/fulltrui/Erling-Ingvason/",1,"Dögun"
"Norðaustur",4,"Hólmfríður Sólveig Haraldsdóttir","cand not","","/kosningar2013/frambod/fulltrui/Holmfridur-Solveig-Haraldsdottir/",0,"Dögun"
"Norðaustur",5,"Benedikt Sigurðarson","cand ok","","/kosningar2013/frambod/fulltrui/Benedikt-Sigurdarson/",1,"Dögun"
"Norðaustur",1,"Brynhildur Pétursdóttir","cand ok","","/kosningar2013/frambod/fulltrui/Brynhildur-Petursdottir/",1,"Björt framtíð"
"Norðaustur",2,"Preben Jón Pétursson","cand ok","","/kosningar2013/frambod/fulltrui/Preben-Jon-Petursson/",1,"Björt framtíð"
"Norðaustur",3,"Stefán Már Guðmundsson","cand ok","","/kosningar2013/frambod/fulltrui/Stefan-Mar-Gudmundsson/",1,"Björt framtíð"
"Norðaustur",4,"Hanna Sigrún Helgadóttir","cand ok","","/kosningar2013/frambod/fulltrui/Hanna-Sigrun-Helgadottir/",1,"Björt framtíð"
"Norðaustur",5,"Bragi S Björgvinsson","cand not","","/kosningar2013/frambod/fulltrui/Bragi-S-Bjorgvinsson/",0,"Björt framtíð"
"Norðaustur",1,"Kristján Þór Júlíusson","cand not","","/kosningar2013/frambod/fulltrui/Kristjan-THor-Juliusson/",0,"Sjálfstæðisflokkurinn"
"Norðaustur",2,"Valgerður Gunnarsdóttir","cand ok","","/kosningar2013/frambod/fulltrui/Valgerdur-Gunnarsdottir/",1,"Sjálfstæðisflokkurinn"
"Norðaustur",3,"Ásta Kristín Sigurjónsdóttir","cand ok","","/kosningar2013/frambod/fulltrui/Asta-Kristin-Sigurjonsdottir/",1,"Sjálfstæðisflokkurinn"
"Norðaustur",4,"Jens Garðar Helgason","cand ok","","/kosningar2013/frambod/fulltrui/Jens-Gardar-Helgason/",1,"Sjálfstæðisflokkurinn"
"Norðaustur",5,"Erla S. Ragnarsdóttir","cand not","","/kosningar2013/frambod/fulltrui/Erla-S-Ragnarsdottir/",0,"Sjálfstæðisflokkurinn"
"Norðaustur",1,"Kristján L. Möller","cand not","","/kosningar2013/frambod/fulltrui/Kristjan-L-Moller/",0,"Samfylkingin"
"Norðaustur",2,"Erna Indriðadóttir","cand not","","/kosningar2013/frambod/fulltrui/Erna-Indridadottir/",0,"Samfylkingin"
"Norðaustur",3,"Jónína Rós Guðmundsdóttir","cand ok","","/kosningar2013/frambod/fulltrui/Jonina-Ros-Gudmundsdottir/",1,"Samfylkingin"
"Norðaustur",4,"Sigmundur Ernir Rúnarsson","cand not","","/kosningar2013/frambod/fulltrui/Sigmundur-Ernir-Runarsson/",0,"Samfylkingin"
"Norðaustur",5,"Helena Þ. Karlsdóttir","cand not","","/kosningar2013/frambod/fulltrui/Helena-TH-Karlsdottir/",0,"Samfylkingin"
"Norðaustur",1,"Sigmundur Davíð Gunnlaugsson","cand not","","/kosningar2013/frambod/fulltrui/Sigmundur-David-Gunnlaugsson/",0,"Framsóknarflokkurinn"
"Norðaustur",2,"Höskuldur  Þórhallsson","cand not","","/kosningar2013/frambod/fulltrui/Hoskuldur-THorhallsson/",0,"Framsóknarflokkurinn"
"Norðaustur",3,"Líneik Anna Sævarsdóttir","cand ok","","/kosningar2013/frambod/fulltrui/Lineik-Anna-Saevarsdottir/",1,"Framsóknarflokkurinn"
"Norðaustur",4,"Þórunn Egilsdóttir","cand not","","/kosningar2013/frambod/fulltrui/THorunn-Egilsdottir/",0,"Framsóknarflokkurinn"
"Norðaustur",5,"Hjálmar Bogi Hafliðason","cand ok","","/kosningar2013/frambod/fulltrui/Hjalmar-Bogi-Haflidason/",1,"Framsóknarflokkurinn"
"Norðaustur",1,"Steingrímur J. Sigfússon","cand ok","","/kosningar2013/frambod/fulltrui/Steingrimur-J-Sigfusson/",1,"Vinstri græn"
"Norðaustur",2,"Bjarkey Olsen Gunnarsdóttir","cand ok","","/kosningar2013/frambod/fulltrui/Bjarkey-Olsen-Gunnarsdottir/",1,"Vinstri græn"
"Norðaustur",3,"Edward H. Huijbens","cand ok","","/kosningar2013/frambod/fulltrui/Edward-H-Huijbens/",1,"Vinstri græn"
"Norðaustur",4,"Ingibjörg Þórðardóttir","cand ok","","/kosningar2013/frambod/fulltrui/Ingibjorg-THordardottir/",1,"Vinstri græn"
"Norðaustur",5,"Björn Halldórsson","cand ok","","/kosningar2013/frambod/fulltrui/Bjorn-Halldorsson/",1,"Vinstri græn"
"Norðaustur",1,"Sigríður Stefánsdóttir","cand ok","","/kosningar2013/frambod/fulltrui/Sigridur-Stefansdottir/",1,"Lýðræðisvaktin"
"Norðaustur",2,"Þórður Már Jónsson","cand ok","","/kosningar2013/frambod/fulltrui/THordur-Mar-Jonsson/",1,"Lýðræðisvaktin"
"Norðaustur",3,"Viðir Benediktsson","cand ok","","/kosningar2013/frambod/fulltrui/Vidir-Benediktsson/",1,"Lýðræðisvaktin"
"Norðaustur",4,"Sigríður Lára Sigurjónsdóttir","cand not","","/kosningar2013/frambod/fulltrui/Sigridur-Lara-Sigurjonsdottir/",0,"Lýðræðisvaktin"
"Norðaustur",5,"Oddur Sigurðsson","cand not","","/kosningar2013/frambod/fulltrui/Oddur-Sigurdsson/",0,"Lýðræðisvaktin"
"Norðaustur",1,"Aðalheiður Ámundadóttir","cand ok","","/kosningar2013/frambod/fulltrui/Adalheidur-Amundadottir/",1,"Píratar"
"Norðaustur",2,"Þórgnýr Thoroddsen","cand ok","","/kosningar2013/frambod/fulltrui/THorgnyr-Thoroddsen/",1,"Píratar"
"Norðaustur",3,"Helgi Laxdal","cand ok","","/kosningar2013/frambod/fulltrui/Helgi-Laxdal/",1,"Píratar"
"Norðaustur",4,"Kristín Elfa Guðnadóttir","cand ok","","/kosningar2013/frambod/fulltrui/Kristin-Elfa-Gudnadottir/",1,"Píratar"
"Norðaustur",5,"Bjarki Sigursveinsson","cand ok","","/kosningar2013/frambod/fulltrui/Bjarki-Sigursveinsson/",1,"Píratar"
"Norðaustur",1,"Magnús Þórarinn Thorlacius","cand ok","","/kosningar2013/frambod/fulltrui/magnus-thorarinn-thorlacius/",1,"Hægri Grænir"
"Norðaustur",2,"Kolbeinn Aðalsteinsson","cand ok","","/kosningar2013/frambod/fulltrui/kolbeinn-adalsteinsson/",1,"Hægri Grænir"
"Norðaustur",3,"Oddur Andri Thomasson Ahrens","cand ok","","/kosningar2013/frambod/fulltrui/oddur-andri-thomasson-ahrens/",1,"Hægri Grænir"
"Norðaustur",4,"Sigurður Hrafn Sigurðsson","cand ok","","/kosningar2013/frambod/fulltrui/sigurdur-hrafn-sigurdsson/",1,"Hægri Grænir"
"Norðaustur",5,"Jóhann Grétar Krøyer Gizurarson","cand not","","/kosningar2013/frambod/fulltrui/johann-gretar-kryer-gizurarson/",0,"Hægri Grænir"
"Reykjavík suður",1,"Vésteinn Valgarðsson","cand ok","","/kosningar2013/frambod/fulltrui/vesteinn-valgardsson/",1,"Alþýðufylkingin"
"Reykjavík suður",2,"Helga Arnardóttir","cand ok","","/kosningar2013/frambod/fulltrui/helga-arnardottir/",1,"Alþýðufylkingin"
"Reykjavík suður",3,"Kristján Jónasson","cand ok","","/kosningar2013/frambod/fulltrui/kristjan-jonasson/",1,"Alþýðufylkingin"
"Reykjavík suður",4,"Tinna Þorvaldsdóttir Önnudóttir","cand ok","","/kosningar2013/frambod/fulltrui/tinna-thorvaldsdottir-onnudottir/",1,"Alþýðufylkingin"
"Reykjavík suður",5,"Einar Andrésson","cand ok","","/kosningar2013/frambod/fulltrui/einar-andresson/",1,"Alþýðufylkingin"
"Reykjavík suður",1,"Halldór Gunnarsson","cand ok","","/kosningar2013/frambod/fulltrui/halldor-gunnarsson/",1,"Flokkur heimilanna"
"Reykjavík suður",2,"Ásgerður Jóna Flosadóttir","cand ok","","/kosningar2013/frambod/fulltrui/asgerdur-jona-flosadottir/",1,"Flokkur heimilanna"
"Reykjavík suður",3,"Sigurbjörn Svavarsson","cand ok","","/kosningar2013/frambod/fulltrui/sigurbjorn-svavarsson/",1,"Flokkur heimilanna"
"Reykjavík suður",4,"Sigrún Viðarsdóttir","cand ok","","/kosningar2013/frambod/fulltrui/sigrun-vidarsdottir/",1,"Flokkur heimilanna"
"Reykjavík suður",5,"Jón Steindór Þorsteinsson","cand ok","","/kosningar2013/frambod/fulltrui/jon-steindor-thorsteinsson/",1,"Flokkur heimilanna"
"Reykjavík suður",1,"Friðrik Atlason","cand ok","","/kosningar2013/frambod/fulltrui/fridrik-atlason/",1,"Regnboginn"
"Reykjavík suður",2,"Sædís Ósk Harðardóttir","cand ok","","/kosningar2013/frambod/fulltrui/saedis-osk-hardardottir/",1,"Regnboginn"
"Reykjavík suður",3,"Ágúst Valves Jóhannesson","cand ok","","/kosningar2013/frambod/fulltrui/agust-valves-johannesson/",1,"Regnboginn"
"Reykjavík suður",4,"Erna Bjarnadóttir","cand not","","/kosningar2013/frambod/fulltrui/erna-bjarnadottir/",0,"Regnboginn"
"Reykjavík suður",5,"Harpa Karlsdóttir","cand not","","/kosningar2013/frambod/fulltrui/harpa-karlsdottir/",0,"Regnboginn"
"Reykjavík suður",1,"Þórður Björn Sigurðsson","cand ok","","/kosningar2013/frambod/fulltrui/THordur-Bjorn-Sigurdsson/",1,"Dögun"
"Reykjavík suður",2,"Helga Þórðardóttir","cand ok","","/kosningar2013/frambod/fulltrui/Helga-THordardottir/",1,"Dögun"
"Reykjavík suður",3,"Rannveig Óskarsdóttir","cand ok","","/kosningar2013/frambod/fulltrui/Rannveig-Oskarsdottir/",1,"Dögun"
"Reykjavík suður",4,"Sigurður Jónas Eggertsson","cand ok","","/kosningar2013/frambod/fulltrui/Sigurdur-Jonas-Eggertsson/",1,"Dögun"
"Reykjavík suður",5,"Hugrún Steinunn Guðmundsdóttir","cand not","","/kosningar2013/frambod/fulltrui/Hugrun-Steinunn-Gudmundsdottir/",0,"Dögun"
"Reykjavík suður",1,"Róbert Marshall","cand ok","","/kosningar2013/frambod/fulltrui/Robert-Marshall/",1,"Björt framtíð"
"Reykjavík suður",2,"Óttarr Proppé","cand ok","","/kosningar2013/frambod/fulltrui/Ottarr-Proppe/",1,"Björt framtíð"
"Reykjavík suður",3,"Brynhildur S. Björnsdóttir","cand ok","","/kosningar2013/frambod/fulltrui/Brynhildur-S-Bjornsdottir/",1,"Björt framtíð"
"Reykjavík suður",4,"Sigrún Gunnarsdóttir","cand ok","","/kosningar2013/frambod/fulltrui/Sigrun-Gunnarsdottir/",1,"Björt framtíð"
"Reykjavík suður",5,"Tryggvi Haraldsson","cand ok","","/kosningar2013/frambod/fulltrui/Tryggvi-Haraldsson/",1,"Björt framtíð"
"Reykjavík suður",1,"Hanna Birna Kristjánsdóttir","cand ok","","/kosningar2013/frambod/fulltrui/Hanna-Birna-Kristjansdottir/",1,"Sjálfstæðisflokkurinn"
"Reykjavík suður",2,"Pétur H. Blöndal","cand ok","","/kosningar2013/frambod/fulltrui/Petur-H-Blondal/",1,"Sjálfstæðisflokkurinn"
"Reykjavík suður",3,"Guðlaugur Þór Þórðarson","cand not","","/kosningar2013/frambod/fulltrui/Gudlaugur-THor-THordarson/",0,"Sjálfstæðisflokkurinn"
"Reykjavík suður",4,"Sigríður Á. Andersen","cand ok","","/kosningar2013/frambod/fulltrui/Sigridur-A-Andersen/",1,"Sjálfstæðisflokkurinn"
"Reykjavík suður",5,"Áslaug María Friðriksdóttir","cand not","","/kosningar2013/frambod/fulltrui/Aslaug-Maria-Fridriksdottir/",0,"Sjálfstæðisflokkurinn"
"Reykjavík suður",1,"Sigríður Ingibjörg Ingadóttir","cand ok","","/kosningar2013/frambod/fulltrui/Sigridur-Ingibjorg-Ingadottir/",1,"Samfylkingin"
"Reykjavík suður",2,"Helgi Hjörvar","cand ok","","/kosningar2013/frambod/fulltrui/Helgi-Hjorvar/",1,"Samfylkingin"
"Reykjavík suður",3,"Björk Vilhelmsdóttir","cand ok","","/kosningar2013/frambod/fulltrui/Bjork-Vilhelmsdottir/",1,"Samfylkingin"
"Reykjavík suður",4,"Mörður Árnason","cand ok","","/kosningar2013/frambod/fulltrui/Mordur-Arnason/",1,"Samfylkingin"
"Reykjavík suður",5,"Ósk Vilhjálmsdóttir","cand ok","","/kosningar2013/frambod/fulltrui/Osk-Vilhjalmsdottir/",1,"Samfylkingin"
"Reykjavík suður",1,"Vigdís Hauksdóttir","cand ok","","/kosningar2013/frambod/fulltrui/Vigdis-Hauksdottir/",1,"Framsóknarflokkurinn"
"Reykjavík suður",2,"Karl Garðarsson","cand ok","","/kosningar2013/frambod/fulltrui/Karl-Gardarsson/",1,"Framsóknarflokkurinn"
"Reykjavík suður",3,"Sveinbjörg Birna Sveinbjörnsdóttir","cand ok","","/kosningar2013/frambod/fulltrui/Sveinbjorg-Birna-Sveinbjornsdottir/",1,"Framsóknarflokkurinn"
"Reykjavík suður",4,"Jóhanna Kristín Björnsdóttir","cand not","","/kosningar2013/frambod/fulltrui/Johanna-Kristin-Bjornsdottir/",0,"Framsóknarflokkurinn"
"Reykjavík suður",5,"Hafsteinn Ágústsson","cand ok","","/kosningar2013/frambod/fulltrui/Hafsteinn-Agustsson/",1,"Framsóknarflokkurinn"
"Reykjavík suður",1,"Svandís Svavarsdóttir","cand ok","","/kosningar2013/frambod/fulltrui/Svandis-Svavarsdottir/",1,"Vinstri græn"
"Reykjavík suður",2,"Álfheiður Ingadóttir","cand ok","","/kosningar2013/frambod/fulltrui/Alfheidur-Ingadottir/",1,"Vinstri græn"
"Reykjavík suður",3,"Ingimar Karl Helgason","cand ok","","/kosningar2013/frambod/fulltrui/Ingimar-Karl-Helgason/",1,"Vinstri græn"
"Reykjavík suður",4,"Kristinn Schram","cand ok","","/kosningar2013/frambod/fulltrui/Kristinn-Schram/",1,"Vinstri græn"
"Reykjavík suður",5,"Grímur Atlason","cand ok","","/kosningar2013/frambod/fulltrui/Grimur-Atlason/",1,"Vinstri græn"
"Reykjavík suður",1,"Þórhildur Þorleifsdóttir","cand ok","","/kosningar2013/frambod/fulltrui/THorhildur-THorleifsdottir/",1,"Lýðræðisvaktin"
"Reykjavík suður",2,"Örn Bárður Jónsson","cand ok","","/kosningar2013/frambod/fulltrui/Orn-Bardur-Jonsson/",1,"Lýðræðisvaktin"
"Reykjavík suður",3,"Íris Erlingsdóttir","cand ok","","/kosningar2013/frambod/fulltrui/Iris-Erlingsdottir/",1,"Lýðræðisvaktin"
"Reykjavík suður",4,"Guðbjörn Guðbjörnsson","cand ok","","/kosningar2013/frambod/fulltrui/Gudbjorn-Gudbjornsson/",1,"Lýðræðisvaktin"
"Reykjavík suður",5,"Jónas Guðmundsson","cand ok","","/kosningar2013/frambod/fulltrui/Jonas-Gudmundsson/",1,"Lýðræðisvaktin"
"Reykjavík suður",1,"Jón Þór Ólafsson","cand ok","","/kosningar2013/frambod/fulltrui/Jon-THor-Olafsson/",1,"Píratar"
"Reykjavík suður",2,"Ásta Helgadóttir","cand ok","","/kosningar2013/frambod/fulltrui/Asta-Helgadottir/",1,"Píratar"
"Reykjavík suður",3,"Sigurbjörg Erla Egilsdóttir","cand ok","","/kosningar2013/frambod/fulltrui/Sigurbjorg-Erla-Egilsdottir/",1,"Píratar"
"Reykjavík suður",4,"Sigríður Fossberg Thorlacius","cand ok","","/kosningar2013/frambod/fulltrui/Sigridur-Fossberg-Thorlacius/",1,"Píratar"
"Reykjavík suður",5,"Arnaldur Sigurðarson","cand ok","","/kosningar2013/frambod/fulltrui/Arnaldur-Sigurdarson/",1,"Píratar"
"Reykjavík suður",1,"Júlíus Valdimarsson","cand ok","","/kosningar2013/frambod/fulltrui/julius-valdimarsson/",1,"Húmanistaflokkurinn"
"Reykjavík suður",2,"Melkorka Edda Freysteinsdóttir","cand not","","/kosningar2013/frambod/fulltrui/melkorka-edda-freysteinsdottir/",0,"Húmanistaflokkurinn"
"Reykjavík suður",3,"Jón Ásgeir Eyjólfsson","cand ok","","/kosningar2013/frambod/fulltrui/jon-asgeir-eyjolfsson/",1,"Húmanistaflokkurinn"
"Reykjavík suður",4,"Helga Nína Heimisdóttir","cand not","","/kosningar2013/frambod/fulltrui/helga-nina-heimisdottir/",0,"Húmanistaflokkurinn"
"Reykjavík suður",5,"Vilmundur Kristjánsson","cand ok","","/kosningar2013/frambod/fulltrui/vilmundur-kristjansson/",1,"Húmanistaflokkurinn"
"Reykjavík suður",1,"Jón E Árnason","cand ok","","/kosningar2013/frambod/fulltrui/jon-e-arnason/",1,"Hægri Grænir"
"Reykjavík suður",2,"Pétur Fjeldsted Einarsson","cand not","","/kosningar2013/frambod/fulltrui/petur-fjeldsted-einarsson/",0,"Hægri Grænir"
"Reykjavík suður",3,"Sigurður Ingólfsson","cand ok","","/kosningar2013/frambod/fulltrui/sigurdur-ingolfsson/",1,"Hægri Grænir"
"Reykjavík suður",4,"Katrín Guðjónsson","cand ok","","/kosningar2013/frambod/fulltrui/katrin-gudjonsson/",1,"Hægri Grænir"
"Reykjavík suður",5,"Kristján Árni Kristjánsson","cand not","","/kosningar2013/frambod/fulltrui/kristjan-arni-kristjansson/",0,"Hægri Grænir"
"Norðvestur",1,"Pálmey Gísladóttir","cand ok","","/kosningar2013/frambod/fulltrui/palmey-gisladottir/",1,"Flokkur heimilanna"
"Norðvestur",2,"Ingólfur V Ingólfsson","cand ok","","/kosningar2013/frambod/fulltrui/ingolfur-v-ingolfsson/",1,"Flokkur heimilanna"
"Norðvestur",3,"Gunnar P. Ingólfsson","cand not","","/kosningar2013/frambod/fulltrui/gunnar-p-ingolfsson/",0,"Flokkur heimilanna"
"Norðvestur",4,"Sigurður Bjarnason","cand not","","/kosningar2013/frambod/fulltrui/sigurdur-bjarnason/",0,"Flokkur heimilanna"
"Norðvestur",5,"Ragnar Kjaran Elísson","cand not","","/kosningar2013/frambod/fulltrui/ragnar-kjaran-elisson/",0,"Flokkur heimilanna"
"Norðvestur",1,"Jón Bjarnason","cand ok","","/kosningar2013/frambod/fulltrui/jon-bjarnason/",1,"Regnboginn"
"Norðvestur",2,"Arnþrúður Heimisdóttir","cand ok","","/kosningar2013/frambod/fulltrui/arnthrudur-heimisdottir/",1,"Regnboginn"
"Norðvestur",3,"Barbara Ósk Guðbjartsdóttir","cand not","","/kosningar2013/frambod/fulltrui/barbara-osk-gudbjartsdottir/",0,"Regnboginn"
"Norðvestur",4,"Gísli Árnason","cand not","","/kosningar2013/frambod/fulltrui/gisli-arnason/",0,"Regnboginn"
"Norðvestur",5,"Sigurður Oddur Ragnarsson","cand not","","/kosningar2013/frambod/fulltrui/sigurdur-oddur-ragnarsson/",0,"Regnboginn"
"Norðvestur",1,"Guðrún Dadda Ásmundardóttir","cand ok","","/kosningar2013/frambod/fulltrui/Gudrun-Dadda-Asmundardottir/",1,"Dögun"
"Norðvestur",2,"Guðjón Arnar Kristjánsson","cand not","","/kosningar2013/frambod/fulltrui/Gudjon-Arnar-Kristjansson/",0,"Dögun"
"Norðvestur",3,"Brynjólfur Tómasson","cand ok","","/kosningar2013/frambod/fulltrui/Brynjolfur-Tomasson/",1,"Dögun"
"Norðvestur",4,"Ásthildur Cesil Þórðardóttir","cand ok","","/kosningar2013/frambod/fulltrui/Asthildur-Cesil-THordardottir/",1,"Dögun"
"Norðvestur",5,"Sigurjón Þórðarson","cand ok","","/kosningar2013/frambod/fulltrui/Sigurjon-THordarson/",1,"Dögun"
"Norðvestur",1,"Ylfa Mist Helgadóttir","cand ok","","/kosningar2013/frambod/fulltrui/ylfa-mist-helgadottir/",1,"Landsbyggðarflokkurinn"
"Norðvestur",2,"Steinunn Ýr Einarsdóttir","cand not","","/kosningar2013/frambod/fulltrui/steinunn-yr-einarsdottir/",0,"Landsbyggðarflokkurinn"
"Norðvestur",3,"Sóley Veturliðadóttir","cand not","","/kosningar2013/frambod/fulltrui/soley-veturlidadottir/",0,"Landsbyggðarflokkurinn"
"Norðvestur",4,"Haukur Már Sigurðarson","cand not","","/kosningar2013/frambod/fulltrui/haukur-mar-sigurdarson/",0,"Landsbyggðarflokkurinn"
"Norðvestur",5,"Svanur Ingi Björnsson","cand ok","","/kosningar2013/frambod/fulltrui/svanur-ingi-bjornsson/",1,"Landsbyggðarflokkurinn"
"Norðvestur",1,"Árni Múli Jónasson","cand ok","","/kosningar2013/frambod/fulltrui/Arni-Muli-Jonasson/",1,"Björt framtíð"
"Norðvestur",2,"G. Valdimar Valdemarsson","cand ok","","/kosningar2013/frambod/fulltrui/G-Valdimar-Valdemarsson/",1,"Björt framtíð"
"Norðvestur",3,"Solveig Thorlacius","cand ok","","/kosningar2013/frambod/fulltrui/Solveig-Thorlacius/",1,"Björt framtíð"
"Norðvestur",4,"Magnús Þór Jónsson","cand ok","","/kosningar2013/frambod/fulltrui/Magnus-THor-Jonsson/",1,"Björt framtíð"
"Norðvestur",5,"Soffía Vagnsdóttir","cand not","","/kosningar2013/frambod/fulltrui/Soffia-Vagnsdottir/",0,"Björt framtíð"
"Norðvestur",1,"Einar Kristinn Guðfinnsson","cand not","","/kosningar2013/frambod/fulltrui/Einar-Kristinn-Gudfinnsson/",0,"Sjálfstæðisflokkurinn"
"Norðvestur",2,"Haraldur Benediktsson","cand not","","/kosningar2013/frambod/fulltrui/Haraldur-Benediktsson/",0,"Sjálfstæðisflokkurinn"
"Norðvestur",3,"Eyrún Ingibjörg Sigþórsdóttir","cand not","","/kosningar2013/frambod/fulltrui/Eyrun-Ingibjorg-Sigthorsdottir/",0,"Sjálfstæðisflokkurinn"
"Norðvestur",4,"Sigurður Örn Ágústsson","cand ok","","/kosningar2013/frambod/fulltrui/Sigurdur-Orn-Agustsson/",1,"Sjálfstæðisflokkurinn"
"Norðvestur",5,"Sara Katrín Stefánsdóttir","cand ok","","/kosningar2013/frambod/fulltrui/Sara-Katrin-Stefansdottir/",1,"Sjálfstæðisflokkurinn"
"Norðvestur",1,"Guðbjartur Hannesson","cand ok","","/kosningar2013/frambod/fulltrui/Gudbjartur-Hannesson/",1,"Samfylkingin"
"Norðvestur",2,"Ólína Þorvarðardóttir","cand ok","","/kosningar2013/frambod/fulltrui/Olina-THorvardardottir/",1,"Samfylkingin"
"Norðvestur",3,"Hörður Ríkharðsson","cand ok","","/kosningar2013/frambod/fulltrui/Hordur-Rikhardsson/",1,"Samfylkingin"
"Norðvestur",4,"Hlédís Sveinsdóttir","cand ok","","/kosningar2013/frambod/fulltrui/Hledis-Sveinsdottir/",1,"Samfylkingin"
"Norðvestur",5,"Garðar Svansson","cand ok","","/kosningar2013/frambod/fulltrui/Gardar-Svansson/",1,"Samfylkingin"
"Norðvestur",1,"Gunnar Bragi Sveinsson","cand not","","/kosningar2013/frambod/fulltrui/Gunnar-Bragi-Sveinsson/",0,"Framsóknarflokkurinn"
"Norðvestur",2,"Ásmundur Einar Daðason","cand not","","/kosningar2013/frambod/fulltrui/Asmundur-Einar-Dadason/",0,"Framsóknarflokkurinn"
"Norðvestur",3,"Elsa Lára Arnardóttir","cand ok","","/kosningar2013/frambod/fulltrui/Elsa-Lara-Arnardottir/",1,"Framsóknarflokkurinn"
"Norðvestur",4,"Jóhanna M. Sigmundsdóttir","cand not","","/kosningar2013/frambod/fulltrui/Johanna-M-Sigmundsdottir/",0,"Framsóknarflokkurinn"
"Norðvestur",5,"Sigurður Páll Jónsson","cand not","","/kosningar2013/frambod/fulltrui/Sigurdur-Pall-Jonsson/",0,"Framsóknarflokkurinn"
"Norðvestur",1,"Lilja Rafney Magnúsdóttir","cand ok","","/kosningar2013/frambod/fulltrui/Lilja-Rafney-Magnusdottir/",1,"Vinstri græn"
"Norðvestur",2,"Lárus Ástmar Hannesson","cand ok","","/kosningar2013/frambod/fulltrui/Larus-Astmar-Hannesson/",1,"Vinstri græn"
"Norðvestur",3,"Þóra Geirlaug Bjartmarsdóttir","cand ok","","/kosningar2013/frambod/fulltrui/THora-Geirlaug-Bjartmarsdottir/",1,"Vinstri græn"
"Norðvestur",4,"Matthías Lýðsson","cand ok","","/kosningar2013/frambod/fulltrui/Matthias-Lydsson/",1,"Vinstri græn"
"Norðvestur",5,"Reynir Eyvindsson","cand ok","","/kosningar2013/frambod/fulltrui/Reynir-Eyvindsson/",1,"Vinstri græn"
"Norðvestur",1,"Eyþór Jóvinsson","cand ok","","/kosningar2013/frambod/fulltrui/Eythor-Jovinsson/",1,"Lýðræðisvaktin"
"Norðvestur",2,"Lúðvík Kaaber","cand ok","","/kosningar2013/frambod/fulltrui/Ludvik-Kaaber/",1,"Lýðræðisvaktin"
"Norðvestur",3,"Sólrún Jóhannesdóttir","cand ok","","/kosningar2013/frambod/fulltrui/Solrun-Johannesdottir/",1,"Lýðræðisvaktin"
"Norðvestur",4,"Elínborg Halldórsdóttir","cand not","","/kosningar2013/frambod/fulltrui/Elinborg-Halldorsdottir/",0,"Lýðræðisvaktin"
"Norðvestur",5,"Ólöf Dómhildur Jóhannsdóttir ","cand ok","","/kosningar2013/frambod/fulltrui/Olof-Domhildur-Johannsdottir-/",1,"Lýðræðisvaktin"
"Norðvestur",1,"Hildur Sif Thorarensen","cand ok","","/kosningar2013/frambod/fulltrui/Hildur-Sif-Thorarensen/",1,"Píratar"
"Norðvestur",2,"Herbert Snorrason","cand ok","","/kosningar2013/frambod/fulltrui/Herbert-Snorrason/",1,"Píratar"
"Norðvestur",3,"Guðrún Ágústa Þórdísardóttir","cand ok","","/kosningar2013/frambod/fulltrui/Gudrun-Agusta-THordisardottir/",1,"Píratar"
"Norðvestur",4,"Stefán Vignir Skarphéðinsson","cand ok","","/kosningar2013/frambod/fulltrui/Stefan-Vignir-Skarphedinsson/",1,"Píratar"
"Norðvestur",5,"Tómas Árni Jónasson","cand ok","","/kosningar2013/frambod/fulltrui/Tomas-Arni-Jonasson/",1,"Píratar"
"Norðvestur",1,"Íris Dröfn Kristjánsdóttir","cand ok","","/kosningar2013/frambod/fulltrui/iris-drofn-kristjansdottir/",1,"Hægri Grænir"
"Norðvestur",2,"Þorsteinn Steingrímsson","cand not","","/kosningar2013/frambod/fulltrui/thorsteinn-steingrimsson/",0,"Hægri Grænir"
"Norðvestur",3,"Jón Ingi Magnússon","cand not","","/kosningar2013/frambod/fulltrui/jon-ingi-magnusson/",0,"Hægri Grænir"
"Norðvestur",4,"Jón Gíslason","cand not","","/kosningar2013/frambod/fulltrui/jon-gislason/",0,"Hægri Grænir"
"Norðvestur",5,"Haraldur Kristján Ólason","cand not","","/kosningar2013/frambod/fulltrui/haraldur-kristjan-olason/",0,"Hægri Grænir"
"Suður",1,"Vilhjálmur Bjarnason","cand not","","/kosningar2013/frambod/fulltrui/vilhjalmur-bjarnason/",0,"Flokkur heimilanna"
"Suður",2,"Magnús I Jónsson","cand not","","/kosningar2013/frambod/fulltrui/magnus-i-jonsson/",0,"Flokkur heimilanna"
"Suður",3,"Pálmi Þór Erlingsson","cand not","","/kosningar2013/frambod/fulltrui/palmi-thor-erlingsson/",0,"Flokkur heimilanna"
"Suður",4,"Guðrún H. Bjarnadóttir","cand not","","/kosningar2013/frambod/fulltrui/gudrun-h-bjarnadottir/",0,"Flokkur heimilanna"
"Suður",5,"Helgi Kristjánsson","cand ok","","/kosningar2013/frambod/fulltrui/helgi-kristjansson/",1,"Flokkur heimilanna"
"Suður",1,"Bjarni Harðarson","cand ok","","/kosningar2013/frambod/fulltrui/bjarni-hardarson/",1,"Regnboginn"
"Suður",2,"Guðmundur S. Brynjólfsson","cand ok","","/kosningar2013/frambod/fulltrui/gudmundur-s-brynjolfsson/",1,"Regnboginn"
"Suður",3,"Kolbrún S. Hilmarsdóttir","cand not","","/kosningar2013/frambod/fulltrui/kolbrun-s-hilmarsdottir/",0,"Regnboginn"
"Suður",4,"Kristbjörg Steinunn Gísladóttir","cand ok","","/kosningar2013/frambod/fulltrui/kristbjorg-steinunn-gisladottir/",1,"Regnboginn"
"Suður",5,"Jónas Pétur Hreinsson","cand ok","","/kosningar2013/frambod/fulltrui/jonas-petur-hreinsson/",1,"Regnboginn"
"Suður",1,"Andrea Ólafsdóttir","cand ok","","/kosningar2013/frambod/fulltrui/Andrea-Olafsdottir/",1,"Dögun"
"Suður",2,"Þorvaldur Geirsson","cand not","","/kosningar2013/frambod/fulltrui/THorvaldur-Geirsson/",0,"Dögun"
"Suður",3,"Þráinn Guðbjörnsson","cand ok","","/kosningar2013/frambod/fulltrui/THrainn-Gudbjornsson/",1,"Dögun"
"Suður",4,"Guðrún Ág.Ágústsdóttir","cand ok","","/kosningar2013/frambod/fulltrui/Gudrun-Ag-Agustsdottir/",1,"Dögun"
"Suður",5,"Þór Saari","cand ok","","/kosningar2013/frambod/fulltrui/THor-Saari/",1,"Dögun"
"Suður",1,"Páll Valur Björnsson","cand ok","","/kosningar2013/frambod/fulltrui/Pall-Valur-Bjornsson/",1,"Björt framtíð"
"Suður",2,"Guðlaug Elísabet Finnsdóttir","cand ok","","/kosningar2013/frambod/fulltrui/Gudlaug-Elisabet-Finnsdottir/",1,"Björt framtíð"
"Suður",3,"Heimir Eyvindarson","cand ok","","/kosningar2013/frambod/fulltrui/Heimir-Eyvindarson/",1,"Björt framtíð"
"Suður",4,"Guðfinna Gunnarsdóttir","cand ok","","/kosningar2013/frambod/fulltrui/Gudfinna-Gunnarsdottir/",1,"Björt framtíð"
"Suður",5,"Jóhanna Ýr Jónsdóttir","cand ok","","/kosningar2013/frambod/fulltrui/Johanna-Yr-Jonsdottir/",1,"Björt framtíð"
"Suður",1,"Ragnheiður Elín Árnadóttir","cand not","","/kosningar2013/frambod/fulltrui/Ragnheidur-Elin-Arnadottir/",0,"Sjálfstæðisflokkurinn"
"Suður",2,"Unnur Brá Konnráðsdóttir","cand not","","/kosningar2013/frambod/fulltrui/Unnur-Bra-Konnradsdottir/",0,"Sjálfstæðisflokkurinn"
"Suður",3,"Ásmundur Friðriksson","cand not","","/kosningar2013/frambod/fulltrui/Asmundur-Fridriksson/",0,"Sjálfstæðisflokkurinn"
"Suður",4,"Vilhjálmur Árnason","cand ok","","/kosningar2013/frambod/fulltrui/Vilhjalmur-Arnason/",1,"Sjálfstæðisflokkurinn"
"Suður",5,"Geir Jón Þórisson","cand not","","/kosningar2013/frambod/fulltrui/Geir-Jon-THorisson/",0,"Sjálfstæðisflokkurinn"
"Suður",1,"Oddný G. Harðardóttir","cand ok","","/kosningar2013/frambod/fulltrui/Oddny-G-Hardardottir/",1,"Samfylkingin"
"Suður",2,"Björgvin G. Sigurðsson","cand not","","/kosningar2013/frambod/fulltrui/Bjorgvin-G-Sigurdsson/",0,"Samfylkingin"
"Suður",3,"Arna Ír Gunnarsdóttir","cand not","","/kosningar2013/frambod/fulltrui/Arna-Ir-Gunnarsdottir/",0,"Samfylkingin"
"Suður",4,"Árni Rúnar Þorvaldsson","cand not","","/kosningar2013/frambod/fulltrui/Arni-Runar-THorvaldsson/",0,"Samfylkingin"
"Suður",5,"Ólafur Þór Ólafsson","cand ok","","/kosningar2013/frambod/fulltrui/Olafur-THor-Olafsson/",1,"Samfylkingin"
"Suður",1,"Sigurður Ingi Jóhannsson","cand not","","/kosningar2013/frambod/fulltrui/Sigurdur-Ingi-Johannsson/",0,"Framsóknarflokkurinn"
"Suður",2,"Silja Dögg Gunnarsdóttir","cand ok","","/kosningar2013/frambod/fulltrui/Silja-Dogg-Gunnarsdottir/",1,"Framsóknarflokkurinn"
"Suður",3,"Páll Jóhann Pálsson","cand not","","/kosningar2013/frambod/fulltrui/Pall-Johann-Palsson/",0,"Framsóknarflokkurinn"
"Suður",4,"Haraldur Einarsson","cand not","","/kosningar2013/frambod/fulltrui/Haraldur-Einarsson/",0,"Framsóknarflokkurinn"
"Suður",5,"Fjóla Hrund Björnsdóttir","cand not","","/kosningar2013/frambod/fulltrui/Fjola-Hrund-Bjornsdottir/",0,"Framsóknarflokkurinn"
"Suður",1,"Arndís Soffía Sigurðardóttir","cand ok","","/kosningar2013/frambod/fulltrui/Arndis-Soffia-Sigurdardottir/",1,"Vinstri græn"
"Suður",2,"Inga Sigrún Atladóttir","cand ok","","/kosningar2013/frambod/fulltrui/Inga-Sigrun-Atladottir/",1,"Vinstri græn"
"Suður",3,"Þórbergur Torfason","cand ok","","/kosningar2013/frambod/fulltrui/THorbergur-Torfason/",1,"Vinstri græn"
"Suður",4,"Einar Bergmundur Arnbjörnsson","cand ok","","/kosningar2013/frambod/fulltrui/Einar-Bergmundur-Arnbjornsson/",1,"Vinstri græn"
"Suður",5,"Jórunn Einarsdóttir","cand ok","","/kosningar2013/frambod/fulltrui/Jorunn-Einarsdottir/",1,"Vinstri græn"
"Suður",1,"Finnbogi Vikar","cand ok","","/kosningar2013/frambod/fulltrui/Finnbogi-Vikar/",1,"Lýðræðisvaktin"
"Suður",2,"Kristín Ósk Wium","cand ok","","/kosningar2013/frambod/fulltrui/Kristin-Osk-Wium/",1,"Lýðræðisvaktin"
"Suður",3,"Jón Gunnar Björgvinsson","cand ok","","/kosningar2013/frambod/fulltrui/Jon-Gunnar-Bjorgvinsson/",1,"Lýðræðisvaktin"
"Suður",4,"Sjöfn Rafnsdóttir","cand ok","","/kosningar2013/frambod/fulltrui/Sjofn-Rafnsdottir/",1,"Lýðræðisvaktin"
"Suður",5,"Þórir Baldursson","cand ok","","/kosningar2013/frambod/fulltrui/THorir-Baldursson/",1,"Lýðræðisvaktin"
"Suður",1,"Smári McCarthy","cand ok","","/kosningar2013/frambod/fulltrui/Smari-McCarthy/",1,"Píratar"
"Suður",2,"Halldór Berg Harðarson","cand ok","","/kosningar2013/frambod/fulltrui/Halldor-Berg-Hardarson/",1,"Píratar"
"Suður",3,"Björn Þór Jóhannesson","cand ok","","/kosningar2013/frambod/fulltrui/Bjorn-THor-Johannesson/",1,"Píratar"
"Suður",4,"Svafar Helgason","cand ok","","/kosningar2013/frambod/fulltrui/Svafar-Helgason/",1,"Píratar"
"Suður",5,"Ágústa Erlingsdóttir","cand ok","","/kosningar2013/frambod/fulltrui/Agusta-Erlingsdottir/",1,"Píratar"
"Suður",1,"Sigursveinn Þórðarson","cand ok","","/kosningar2013/frambod/fulltrui/sigursveinn-thordarson/",1,"Hægri Grænir"
"Suður",2,"Agla Þyri Kristjánsdóttir","cand ok","","/kosningar2013/frambod/fulltrui/agla-thyri-kristjansdottir/",1,"Hægri Grænir"
"Suður",3,"Axel Óli Ægisson","cand ok","","/kosningar2013/frambod/fulltrui/axel-oli-aegisson/",1,"Hægri Grænir"
"Suður",4,"Þórarinn Björn Steinsson","cand ok","","/kosningar2013/frambod/fulltrui/thorarinn-bjorn-steinsson/",1,"Hægri Grænir"
"Suður",5,"Jón Birgir Indriðason","cand not","","/kosningar2013/frambod/fulltrui/jon-birgir-indridason/",0,"Hægri Grænir"
"Reykjavík norður",1,"Þorvaldur Þorvaldsson","cand ok","","/kosningar2013/frambod/fulltrui/thorvaldur-thorvaldsson/",1,"Alþýðufylkingin"
"Reykjavík norður",2,"Sólveig Hauksdóttir","cand ok","","/kosningar2013/frambod/fulltrui/solveig-hauksdottir/",1,"Alþýðufylkingin"
"Reykjavík norður",3,"Sigríður Kristín Kristjánsdóttir","cand ok","","/kosningar2013/frambod/fulltrui/sigridur-kristin-kristjansdottir/",1,"Alþýðufylkingin"
"Reykjavík norður",4,"Óskar Höskuldsson","cand ok","","/kosningar2013/frambod/fulltrui/oskar-hoskuldsson/",1,"Alþýðufylkingin"
"Reykjavík norður",5,"Guðmundur Ingi Kristinsson","cand ok","","/kosningar2013/frambod/fulltrui/gudmundur-ingi-kristinsson/",1,"Alþýðufylkingin"
"Reykjavík norður",1,"Arnþrúður Karlsdóttir","cand not","","/kosningar2013/frambod/fulltrui/arnthrudur-karlsdottir/",0,"Flokkur heimilanna"
"Reykjavík norður",2,"Inga Karen Ingólfsdóttir","cand ok","","/kosningar2013/frambod/fulltrui/inga-karen-ingolfsdottir/",1,"Flokkur heimilanna"
"Reykjavík norður",3,"Sævar Þór Jónsson","cand not","","/kosningar2013/frambod/fulltrui/saevar-thor-jonsson/",0,"Flokkur heimilanna"
"Reykjavík norður",4,"Gréta Jónsdóttir ","cand not","","/kosningar2013/frambod/fulltrui/greta-jonsdottir/",0,"Flokkur heimilanna"
"Reykjavík norður",5,"Ísleifur Gíslason","cand ok","","/kosningar2013/frambod/fulltrui/isleifur-gislason/",1,"Flokkur heimilanna"
"Reykjavík norður",1,"Harpa Njálsdóttir","cand not","","/kosningar2013/frambod/fulltrui/harpa-njalsdottir/",0,"Regnboginn"
"Reykjavík norður",2,"Atli Gíslason","cand not","","/kosningar2013/frambod/fulltrui/atli-gislason/",0,"Regnboginn"
"Reykjavík norður",3,"Björg Sigurðardóttir","cand not","","/kosningar2013/frambod/fulltrui/bjorg-sigurdardottir/",0,"Regnboginn"
"Reykjavík norður",4,"Björn Birgir Þorláksson","cand ok","","/kosningar2013/frambod/fulltrui/bjorn-birgir-thorlaksson/",1,"Regnboginn"
"Reykjavík norður",5,"Gunnlaugur Ingvarsson","cand not","","/kosningar2013/frambod/fulltrui/gunnlaugur-ingvarsson/",0,"Regnboginn"
"Reykjavík norður",1,"Ólöf Guðný Valdimarsdóttir","cand ok","","/kosningar2013/frambod/fulltrui/Olof-Gudny-Valdimarsdottir/",1,"Dögun"
"Reykjavík norður",2,"Hólmsteinn Brekkan","cand ok","","/kosningar2013/frambod/fulltrui/Holmsteinn-Brekkan/",1,"Dögun"
"Reykjavík norður",3,"Ása Lind Finnbogadóttir","cand ok","","/kosningar2013/frambod/fulltrui/Asa-Lind-Finnbogadottir/",1,"Dögun"
"Reykjavík norður",4,"Friðrik Þór Guðmundsson","cand ok","","/kosningar2013/frambod/fulltrui/Fridrik-THor-Gudmundsson/",1,"Dögun"
"Reykjavík norður",5,"Hólmfríður Berentsdóttir","cand ok","","/kosningar2013/frambod/fulltrui/Holmfridur-Berentsdottir/",1,"Dögun"
"Reykjavík norður",1,"Björt Ólafsdóttir","cand ok","","/kosningar2013/frambod/fulltrui/Bjort-Olafsdottir/",1,"Björt framtíð"
"Reykjavík norður",2,"Heiða Kristín Helgadóttir","cand ok","","/kosningar2013/frambod/fulltrui/Heida-Kristin-Helgadottir/",1,"Björt framtíð"
"Reykjavík norður",3,"Eldar Ástþórsson","cand ok","","/kosningar2013/frambod/fulltrui/Eldar-Astthorsson/",1,"Björt framtíð"
"Reykjavík norður",4,"Friðrik Rafnsson","cand ok","","/kosningar2013/frambod/fulltrui/Fridrik-Rafnsson/",1,"Björt framtíð"
"Reykjavík norður",5,"Jón Gnarr","cand ok","","/kosningar2013/frambod/fulltrui/Jon-Gnarr/",1,"Björt framtíð"
"Reykjavík norður",1,"Illugi Gunnarsson","cand not","","/kosningar2013/frambod/fulltrui/Illugi-Gunnarsson/",0,"Sjálfstæðisflokkurinn"
"Reykjavík norður",2,"Brynjar Níelsson","cand not","","/kosningar2013/frambod/fulltrui/Brynjar-Nielsson/",0,"Sjálfstæðisflokkurinn"
"Reykjavík norður",3,"Birgir Ármannsson","cand not","","/kosningar2013/frambod/fulltrui/Birgir-Armannsson/",0,"Sjálfstæðisflokkurinn"
"Reykjavík norður",4,"Ingibjörg Óðinsdóttir","cand ok","","/kosningar2013/frambod/fulltrui/Ingibjorg-Odinsdottir/",1,"Sjálfstæðisflokkurinn"
"Reykjavík norður",5,"Elínbjörg Magnúsdóttir","cand ok","","/kosningar2013/frambod/fulltrui/Elinbjorg-Magnusdottir/",1,"Sjálfstæðisflokkurinn"
"Reykjavík norður",1,"Össur Skarphéðinsson","cand not","","/kosningar2013/frambod/fulltrui/Ossur-Skarphedinsson/",0,"Samfylkingin"
"Reykjavík norður",2,"Valgerður Bjarnadóttir","cand ok","","/kosningar2013/frambod/fulltrui/Valgerdur-Bjarnadottir/",1,"Samfylkingin"
"Reykjavík norður",3,"Skúli Helgason","cand ok","","/kosningar2013/frambod/fulltrui/Skuli-Helgason/",1,"Samfylkingin"
"Reykjavík norður",4,"Anna Margrét Guðjónsdóttir","cand ok","","/kosningar2013/frambod/fulltrui/Anna-Margret-Gudjonsdottir/",1,"Samfylkingin"
"Reykjavík norður",5,"Teitur Atlason","cand ok","","/kosningar2013/frambod/fulltrui/Teitur-Atlason/",1,"Samfylkingin"
"Reykjavík norður",1,"Frosti Sigurjónsson","cand ok","","/kosningar2013/frambod/fulltrui/Frosti-Sigurjonsson/",1,"Framsóknarflokkurinn"
"Reykjavík norður",2,"Sigrún Magnúsdóttir","cand not","","/kosningar2013/frambod/fulltrui/Sigrun-Magnusdottir/",0,"Framsóknarflokkurinn"
"Reykjavík norður",3,"Þorsteinn Magnússon","cand ok","","/kosningar2013/frambod/fulltrui/THorsteinn-Magnusson/",1,"Framsóknarflokkurinn"
"Reykjavík norður",4,"Fanný Gunnarsdóttir","cand ok","","/kosningar2013/frambod/fulltrui/Fanny-Gunnarsdottir/",1,"Framsóknarflokkurinn"
"Reykjavík norður",5,"Snædís Karlsdóttir","cand ok","","/kosningar2013/frambod/fulltrui/Snaedis-Karlsdottir/",1,"Framsóknarflokkurinn"
"Reykjavík norður",1,"Katrín Jakobsdóttir","cand ok","","/kosningar2013/frambod/fulltrui/Katrin-Jakobsdottir/",1,"Vinstri græn"
"Reykjavík norður",2,"Árni Þór Sigurðsson","cand ok","","/kosningar2013/frambod/fulltrui/Arni-THor-Sigurdsson/",1,"Vinstri græn"
"Reykjavík norður",3,"Steinunn Þóra Árnadóttir","cand ok","","/kosningar2013/frambod/fulltrui/Steinunn-THora-Arnadottir/",1,"Vinstri græn"
"Reykjavík norður",4,"Björn Valur Gíslason","cand ok","","/kosningar2013/frambod/fulltrui/Bjorn-Valur-Gislason/",1,"Vinstri græn"
"Reykjavík norður",5,"Eyrún Eyþórsdóttir","cand ok","","/kosningar2013/frambod/fulltrui/Eyrun-Eythorsdottir/",1,"Vinstri græn"
"Reykjavík norður",1,"Þorvaldur Gylfason","cand ok","","/kosningar2013/frambod/fulltrui/THorvaldur-Gylfason/",1,"Lýðræðisvaktin"
"Reykjavík norður",2,"Egill Ólafsson","cand ok","","/kosningar2013/frambod/fulltrui/Egill-Olafsson/",1,"Lýðræðisvaktin"
"Reykjavík norður",3,"Sigríður Ólafsdóttir","cand ok","","/kosningar2013/frambod/fulltrui/Sigridur-Olafsdottir/",1,"Lýðræðisvaktin"
"Reykjavík norður",4,"Viktor Orri Valgarðsson","cand ok","","/kosningar2013/frambod/fulltrui/Viktor-Orri-Valgardsson/",1,"Lýðræðisvaktin"
"Reykjavík norður",5,"Jenný Stefanía Jensdóttir","cand ok","","/kosningar2013/frambod/fulltrui/Jenny-Stefania-Jensdottir/",1,"Lýðræðisvaktin"
"Reykjavík norður",1,"Helgi Hrafn Gunnarsson","cand ok","","/kosningar2013/frambod/fulltrui/Helgi-Hrafn-Gunnarsson/",1,"Píratar"
"Reykjavík norður",2,"Halldóra Mogensen","cand ok","","/kosningar2013/frambod/fulltrui/Halldora-Mogensen/",1,"Píratar"
"Reykjavík norður",3,"Bjarni Rúnar Einarsson","cand ok","","/kosningar2013/frambod/fulltrui/Bjarni-Runar-Einarsson/",1,"Píratar"
"Reykjavík norður",4,"Salvör Kristjana Gissurardóttir","cand ok","","/kosningar2013/frambod/fulltrui/Salvor-Kristjana-Gissurardottir/",1,"Píratar"
"Reykjavík norður",5,"Þórður Sveinsson","cand ok","","/kosningar2013/frambod/fulltrui/THordur-Sveinsson/",1,"Píratar"
"Reykjavík norður",1,"Methúsalem Þórisson","cand ok","","/kosningar2013/frambod/fulltrui/methusalem-thorisson/",1,"Húmanistaflokkurinn"
"Reykjavík norður",2,"Stígrún Ása Ásmundsdóttir","cand ok","","/kosningar2013/frambod/fulltrui/stigrun-asa-asmundsdottir/",1,"Húmanistaflokkurinn"
"Reykjavík norður",3,"Þór Örn Víkingsson","cand ok","","/kosningar2013/frambod/fulltrui/thor-orn-vikingsson/",1,"Húmanistaflokkurinn"
"Reykjavík norður",4,"Sjöfn Jónsdóttir","cand not","","/kosningar2013/frambod/fulltrui/sjofn-jonsdottir/",0,"Húmanistaflokkurinn"
"Reykjavík norður",5,"Sverrir Agnarsson","cand not","","/kosningar2013/frambod/fulltrui/sverrir-agnarsson/",0,"Húmanistaflokkurinn"
"Reykjavík norður",1,"Kjartan Örn Kjartansson","cand ok","","/kosningar2013/frambod/fulltrui/kjartan-orn-kjartansson/",1,"Hægri Grænir"
"Reykjavík norður",2,"Björn Torfi Hauksson","cand ok","","/kosningar2013/frambod/fulltrui/bjorn-torfi-hauksson/",1,"Hægri Grænir"
"Reykjavík norður",3,"Kristján Orri Jóhannsson","cand ok","","/kosningar2013/frambod/fulltrui/kristjan-orri-johannsson/",1,"Hægri Grænir"
"Reykjavík norður",4,"Sigríður Dröfn Tómasdóttir","cand not","","/kosningar2013/frambod/fulltrui/sigridur-drofn-tomasdottir/",0,"Hægri Grænir"
"Reykjavík norður",5,"Grétar Ómarsson","cand not","","/kosningar2013/frambod/fulltrui/gretar-omarsson/",0,"Hægri Grænir"
